Winner,Result,Margin,BR,Match,Ground,Start Date,Covid
Pakistan,won,7 wickets,77,ODI : Bangladesh v Pakistan,Moratuwa,31-Mar-86,0
Sri Lanka,won,7 wickets,81,ODI : Sri Lanka v Bangladesh,Kandy,2-Apr-86,0
India,won,9 wickets,114,ODI : Bangladesh v India,Chattogram,27-Oct-88,0
Pakistan,won,173 runs,,ODI : Bangladesh v Pakistan,Chattogram,29-Oct-88,0
Sri Lanka,won,9 wickets,85,ODI : Bangladesh v Sri Lanka,Dhaka,2-Nov-88,0
New Zealand,won,161 runs,,ODI : Bangladesh v New Zealand,Sharjah,28-Apr-90,0
Australia,won,7 wickets,146,ODI : Australia v Bangladesh,Sharjah,30-Apr-90,0
India,won,9 wickets,79,ODI : India v Bangladesh,Chandigarh,25-Dec-90,0
Sri Lanka,won,71 runs,,ODI : Bangladesh v Sri Lanka,Kolkata,31-Dec-90,0
India,won,9 wickets,133,ODI : Bangladesh v India,Sharjah,5-Apr-95,0
Sri Lanka,won,107 runs,,ODI : Bangladesh v Sri Lanka,Sharjah,6-Apr-95,0
Pakistan,won,6 wickets,122,ODI : Bangladesh v Pakistan,Sharjah,8-Apr-95,0
Pakistan,won,109 runs,,ODI : Bangladesh v Pakistan,Colombo (RPS),16-Jul-97,0
Sri Lanka,won,103 runs,,ODI : Sri Lanka v Bangladesh,Colombo (SSC),22-Jul-97,0
India,won,9 wickets,168,ODI : Bangladesh v India,Colombo (SSC),24-Jul-97,0
Kenya,won,150 runs,,ODI : Kenya v Bangladesh,Nairobi (Gym),10-Oct-97,0
Zimbabwe,won,48 runs,,ODI : Bangladesh v Zimbabwe,Nairobi (Gym),11-Oct-97,0
Zimbabwe,won,192 runs,,ODI : Bangladesh v Zimbabwe,Nairobi (Aga),14-Oct-97,0
Kenya,won,8 wickets,174,ODI : Kenya v Bangladesh,Nairobi (Aga),15-Oct-97,0
India,won,4 wickets,10,ODI : Bangladesh v India,Dhaka,10-Jan-98,0
Pakistan,won,9 wickets,100,ODI : Bangladesh v Pakistan,Dhaka,12-Jan-98,0
India,won,5 wickets,28,ODI : India v Bangladesh,Mohali,14-May-98,0
Bangladesh,won,6 wickets,12,ODI : Bangladesh v Kenya,Hyderabad (Deccan),17-May-98,0
Kenya,won,28 runs,,ODI : Bangladesh v Kenya,Chennai,23-May-98,0
India,won,5 wickets,124,ODI : India v Bangladesh,Mumbai,25-May-98,0
Pakistan,won,152 runs,,ODI : Bangladesh v Pakistan,Dhaka,16-Mar-99,0
Kenya,won,8 wickets,37,ODI : Bangladesh v Kenya,Dhaka,20-Mar-99,0
Zimbabwe,won,126 runs,,ODI : Bangladesh v Zimbabwe,Dhaka,21-Mar-99,0
Kenya,won,73 runs,,ODI : Bangladesh v Kenya,Dhaka,24-Mar-99,0
Zimbabwe,won,3 wickets,3,ODI : Bangladesh v Zimbabwe,Dhaka,25-Mar-99,0
New Zealand,won,6 wickets,102,ODI : Bangladesh v New Zealand,Chelmsford,17-May-99,0
West Indies,won,7 wickets,21,ODI : Bangladesh v West Indies,Dublin,21-May-99,0
Bangladesh,won,22 runs,,ODI : Scotland v Bangladesh,Edinburgh,24-May-99,0
Australia,won,7 wickets,181,ODI : Australia v Bangladesh,Chester-le-Street,27-May-99,0
Bangladesh,won,62 runs,,ODI : Bangladesh v Pakistan,Northampton,31-May-99,0
West Indies,won,73 runs,,ODI : Bangladesh v West Indies,Dhaka,8-Oct-99,0
West Indies,won,109 runs,,ODI : Bangladesh v West Indies,Dhaka,9-Oct-99,0
Sri Lanka,won,9 wickets,116,ODI : Bangladesh v Sri Lanka,Dhaka,29-May-00,0
India,won,8 wickets,59,ODI : Bangladesh v India,Dhaka,30-May-00,0
Pakistan,won,233 runs,,ODI : Bangladesh v Pakistan,Dhaka,2-Jun-00,0
England,won,8 wickets,37,ODI : Bangladesh v England,Nairobi (Gym),5-Oct-00,0
India,won,9 wickets,,Test : Bangladesh v India,Dhaka,10-Nov-00,0
Zimbabwe,won,7 wickets,41,ODI : Zimbabwe v Bangladesh,Harare,7-Apr-01,0
Zimbabwe,won,127 runs,,ODI : Zimbabwe v Bangladesh,Harare,8-Apr-01,0
Zimbabwe,won,36 runs,,ODI : Zimbabwe v Bangladesh,Bulawayo,11-Apr-01,0
Zimbabwe,won,inns & 32 runs,,Test : Zimbabwe v Bangladesh,Bulawayo,19-Apr-01,0
Zimbabwe,won,8 wickets,,Test : Zimbabwe v Bangladesh,Harare,26-Apr-01,0
Pakistan,won,inns & 264 runs,,Test : Pakistan v Bangladesh,Multan,29-Aug-01,0
Sri Lanka,won,inns & 137 runs,,Test : Sri Lanka v Bangladesh,Colombo (SSC),6-Sep-01,0
Zimbabwe,won,8 wickets,,Test : Bangladesh v Zimbabwe,Chattogram,15-Nov-01,0
Zimbabwe,won,5 wickets,46,ODI : Bangladesh v Zimbabwe,Chattogram,23-Nov-01,0
Zimbabwe,won,42 runs,,ODI : Bangladesh v Zimbabwe,Dhaka,25-Nov-01,0
Zimbabwe,won,7 wickets,5,ODI : Bangladesh v Zimbabwe,Dhaka,26-Nov-01,0
New Zealand,won,inns & 52 runs,,Test : New Zealand v Bangladesh,Hamilton,18-Dec-01,0
New Zealand,won,inns & 74 runs,,Test : New Zealand v Bangladesh,Wellington,26-Dec-01,0
Pakistan,won,inns & 178 runs,,Test : Bangladesh v Pakistan,Dhaka,9-Jan-02,0
Pakistan,won,inns & 169 runs,,Test : Bangladesh v Pakistan,Chattogram,16-Jan-02,0
Pakistan,won,49 runs,,ODI : Bangladesh v Pakistan,Chattogram,22-Jan-02,0
Pakistan,won,72 runs,,ODI : Bangladesh v Pakistan,Dhaka,24-Jan-02,0
Pakistan,won,8 wickets,81,ODI : Bangladesh v Pakistan,Dhaka,25-Jan-02,0
Sri Lanka,won,inns & 196 runs,,Test : Sri Lanka v Bangladesh,Colombo (PSS),21-Jul-02,0
Sri Lanka,won,288 runs,,Test : Sri Lanka v Bangladesh,Colombo (SSC),28-Jul-02,0
Sri Lanka,won,5 wickets,32,ODI : Sri Lanka v Bangladesh,Colombo (SSC),4-Aug-02,0
Sri Lanka,won,8 wickets,206,ODI : Sri Lanka v Bangladesh,Colombo (SSC),5-Aug-02,0
Sri Lanka,won,58 runs,,ODI : Sri Lanka v Bangladesh,Colombo (RPS),7-Aug-02,0
Australia,won,9 wickets,176,ODI : Australia v Bangladesh,Colombo (SSC),19-Sep-02,0
New Zealand,won,167 runs,,ODI : Bangladesh v New Zealand,Colombo (SSC),23-Sep-02,0
South Africa,won,168 runs,,ODI : South Africa v Bangladesh,Potchefstroom,3-Oct-02,0
South Africa,won,10 wickets,178,ODI : South Africa v Bangladesh,Benoni,6-Oct-02,0
South Africa,won,7 wickets,146,ODI : South Africa v Bangladesh,Kimberley,9-Oct-02,0
South Africa,won,inns & 107 runs,,Test : South Africa v Bangladesh,East London,18-Oct-02,0
South Africa,won,inns & 160 runs,,Test : South Africa v Bangladesh,Potchefstroom,25-Oct-02,0
West Indies,won,84 runs,,ODI : Bangladesh v West Indies,Dhaka,2-Dec-02,0
West Indies,won,86 runs,,ODI : Bangladesh v West Indies,Dhaka,3-Dec-02,0
West Indies,won,inns & 310 runs,,Test : Bangladesh v West Indies,Dhaka,8-Dec-02,0
West Indies,won,7 wickets,,Test : Bangladesh v West Indies,Chattogram,16-Dec-02,0
Canada,won,60 runs,,ODI : Bangladesh v Canada,Durban,11-Feb-03,0
Sri Lanka,won,10 wickets,173,ODI : Bangladesh v Sri Lanka,Pietermaritzburg,14-Feb-03,0
South Africa,won,10 wickets,228,ODI : South Africa v Bangladesh,Bloemfontein,22-Feb-03,0
New Zealand,won,7 wickets,99,ODI : Bangladesh v New Zealand,Kimberley,26-Feb-03,0
Kenya,won,32 runs,,ODI : Bangladesh v Kenya,Johannesburg,1-Mar-03,0
India,won,200 runs,,ODI : Bangladesh v India,Dhaka,11-Apr-03,0
South Africa,won,83 runs,,ODI : Bangladesh v South Africa,Dhaka,14-Apr-03,0
India,won,4 wickets,43,ODI : Bangladesh v India,Dhaka,16-Apr-03,0
South Africa,won,93 runs,,ODI : Bangladesh v South Africa,Dhaka,17-Apr-03,0
South Africa,won,inns & 60 runs,,Test : Bangladesh v South Africa,Chattogram,24-Apr-03,0
South Africa,won,inns & 18 runs,,Test : Bangladesh v South Africa,Dhaka,1-May-03,0
Australia,won,inns & 132 runs,,Test : Australia v Bangladesh,Darwin,18-Jul-03,0
Australia,won,inns & 98 runs,,Test : Australia v Bangladesh,Cairns,25-Jul-03,0
Australia,won,8 wickets,165,ODI : Australia v Bangladesh,Cairns,2-Aug-03,0
Australia,won,9 wickets,178,ODI : Australia v Bangladesh,Cairns,3-Aug-03,0
Australia,won,112 runs,,ODI : Australia v Bangladesh,Darwin,6-Aug-03,0
Pakistan,won,7 wickets,,Test : Pakistan v Bangladesh,Karachi,20-Aug-03,0
Pakistan,won,9 wickets,,Test : Pakistan v Bangladesh,Peshawar,27-Aug-03,0
Pakistan,won,1 wickets,,Test : Pakistan v Bangladesh,Multan,3-Sep-03,0
Pakistan,won,137 runs,,ODI : Pakistan v Bangladesh,Multan,9-Sep-03,0
Pakistan,won,74 runs,,ODI : Pakistan v Bangladesh,Faisalabad,12-Sep-03,0
Pakistan,won,42 runs,,ODI : Pakistan v Bangladesh,Lahore,15-Sep-03,0
Pakistan,won,5 wickets,1,ODI : Pakistan v Bangladesh,Rawalpindi,18-Sep-03,0
Pakistan,won,58 runs,,ODI : Pakistan v Bangladesh,Karachi,21-Sep-03,0
England,won,7 wickets,,Test : Bangladesh v England,Dhaka,21-Oct-03,0
England,won,329 runs,,Test : Bangladesh v England,Chattogram,29-Oct-03,0
England,won,7 wickets,147,ODI : Bangladesh v England,Chattogram,7-Nov-03,0
England,won,7 wickets,134,ODI : Bangladesh v England,Dhaka,10-Nov-03,0
England,won,7 wickets,63,ODI : Bangladesh v England,Dhaka,12-Nov-03,0
Zimbabwe,won,183 runs,,Test : Zimbabwe v Bangladesh,Harare,19-Feb-04,0
Bangladesh,won,8 runs,,ODI : Zimbabwe v Bangladesh,Harare,10-Mar-04,0
Zimbabwe,won,14 runs,,ODI : Zimbabwe v Bangladesh,Harare,12-Mar-04,0
Zimbabwe,won,3 wickets,45,ODI : Zimbabwe v Bangladesh,Harare,14-Mar-04,0
West Indies,won,1 wickets,20,ODI : West Indies v Bangladesh,Kingstown,15-May-04,0
West Indies,won,23 runs,,ODI : West Indies v Bangladesh,Kingstown,16-May-04,0
West Indies,won,7 wickets,5,ODI : West Indies v Bangladesh,St George's,19-May-04,0
West Indies,won,inns & 99 runs,,Test : West Indies v Bangladesh,Kingston,4-Jun-04,0
Bangladesh,won,116 runs,,ODI : Bangladesh v Hong Kong,Colombo (SSC),16-Jul-04,0
Pakistan,won,76 runs,,ODI : Bangladesh v Pakistan,Colombo (SSC),17-Jul-04,0
India,won,8 wickets,69,ODI : Bangladesh v India,Colombo (SSC),21-Jul-04,0
Sri Lanka,won,10 wickets,99,ODI : Sri Lanka v Bangladesh,Colombo (RPS),23-Jul-04,0
Pakistan,won,6 wickets,54,ODI : Bangladesh v Pakistan,Colombo (RPS),29-Jul-04,0
South Africa,won,9 wickets,193,ODI : Bangladesh v South Africa,Birmingham,12-Sep-04,0
West Indies,won,138 runs,,ODI : Bangladesh v West Indies,Southampton,15-Sep-04,0
New Zealand,won,inns & 99 runs,,Test : Bangladesh v New Zealand,Dhaka,19-Oct-04,0
New Zealand,won,inns & 101 runs,,Test : Bangladesh v New Zealand,Chattogram,26-Oct-04,0
New Zealand,won,138 runs,,ODI : Bangladesh v New Zealand,Chattogram,2-Nov-04,0
New Zealand,won,3 wickets,32,ODI : Bangladesh v New Zealand,Dhaka,5-Nov-04,0
New Zealand,won,83 runs,,ODI : Bangladesh v New Zealand,Dhaka,7-Nov-04,0
India,won,inns & 140 runs,,Test : Bangladesh v India,Dhaka,10-Dec-04,0
India,won,inns & 83 runs,,Test : Bangladesh v India,Chattogram,17-Dec-04,0
India,won,11 runs,,ODI : Bangladesh v India,Chattogram,23-Dec-04,0
Bangladesh,won,15 runs,,ODI : Bangladesh v India,Dhaka,26-Dec-04,0
India,won,91 runs,,ODI : Bangladesh v India,Dhaka,27-Dec-04,0
Bangladesh,won,226 runs,,Test : Bangladesh v Zimbabwe,Chattogram,6-Jan-05,0
Zimbabwe,won,22 runs,,ODI : Bangladesh v Zimbabwe,Dhaka,20-Jan-05,0
Zimbabwe,won,31 runs,,ODI : Bangladesh v Zimbabwe,Chattogram,24-Jan-05,0
Bangladesh,won,40 runs,,ODI : Bangladesh v Zimbabwe,Chattogram,26-Jan-05,0
Bangladesh,won,58 runs,,ODI : Bangladesh v Zimbabwe,Dhaka,29-Jan-05,0
Bangladesh,won,8 wickets,102,ODI : Bangladesh v Zimbabwe,Dhaka,31-Jan-05,0
England,won,inns & 261 runs,,Test : England v Bangladesh,Lord's,26-May-05,0
England,won,inns & 27 runs,,Test : England v Bangladesh,Chester-le-Street,3-Jun-05,0
England,won,10 wickets,151,ODI : England v Bangladesh,The Oval,16-Jun-05,0
Bangladesh,won,5 wickets,4,ODI : Australia v Bangladesh,Cardiff,18-Jun-05,0
England,won,168 runs,,ODI : England v Bangladesh,Nottingham,21-Jun-05,0
Australia,won,10 wickets,186,ODI : Australia v Bangladesh,Manchester,25-Jun-05,0
England,won,5 wickets,67,ODI : England v Bangladesh,Leeds,26-Jun-05,0
Australia,won,6 wickets,11,ODI : Australia v Bangladesh,Canterbury,30-Jun-05,0
Sri Lanka,won,88 runs,,ODI : Sri Lanka v Bangladesh,Colombo (SSC),31-Aug-05,0
Sri Lanka,won,75 runs,,ODI : Sri Lanka v Bangladesh,Colombo (RPS),2-Sep-05,0
Sri Lanka,won,6 wickets,148,ODI : Sri Lanka v Bangladesh,Colombo (RPS),4-Sep-05,0
Sri Lanka,won,inns & 96 runs,,Test : Sri Lanka v Bangladesh,Colombo (RPS),12-Sep-05,0
Sri Lanka,won,inns & 69 runs,,Test : Sri Lanka v Bangladesh,Colombo (PSS),20-Sep-05,0
Sri Lanka,won,5 wickets,155,ODI : Bangladesh v Sri Lanka,Bogra,20-Feb-06,0
Bangladesh,won,4 wickets,12,ODI : Bangladesh v Sri Lanka,Bogra,22-Feb-06,0
Sri Lanka,won,78 runs,,ODI : Bangladesh v Sri Lanka,Chattogram,25-Feb-06,0
Sri Lanka,won,8 wickets,,Test : Bangladesh v Sri Lanka,Chattogram,28-Feb-06,0
Sri Lanka,won,10 wickets,,Test : Bangladesh v Sri Lanka,Bogra,8-Mar-06,0
Bangladesh,won,131 runs,,ODI : Bangladesh v Kenya,Bogra,17-Mar-06,0
Bangladesh,won,9 wickets,157,ODI : Bangladesh v Kenya,Khulna,20-Mar-06,0
Bangladesh,won,20 runs,,ODI : Bangladesh v Kenya,Fatullah,23-Mar-06,0
Bangladesh,won,7 wickets,51,ODI : Bangladesh v Kenya,Fatullah,25-Mar-06,0
Australia,won,3 wickets,,Test : Bangladesh v Australia,Fatullah,9-Apr-06,0
Australia,won,inns & 80 runs,,Test : Bangladesh v Australia,Chattogram,16-Apr-06,0
Australia,won,4 wickets,36,ODI : Bangladesh v Australia,Chattogram,23-Apr-06,0
Australia,won,67 runs,,ODI : Bangladesh v Australia,Fatullah,26-Apr-06,0
Australia,won,9 wickets,164,ODI : Bangladesh v Australia,Fatullah,28-Apr-06,0
Zimbabwe,won,2 wickets,5,ODI : Zimbabwe v Bangladesh,Harare,29-Jul-06,0
Bangladesh,won,62 runs,,ODI : Zimbabwe v Bangladesh,Harare,30-Jul-06,0
Zimbabwe,won,2 wickets,0,ODI : Zimbabwe v Bangladesh,Harare,2-Aug-06,0
Zimbabwe,won,7 wickets,50,ODI : Zimbabwe v Bangladesh,Harare,4-Aug-06,0
Bangladesh,won,8 wickets,32,ODI : Zimbabwe v Bangladesh,Harare,6-Aug-06,0
Bangladesh,won,6 wickets,119,ODI : Kenya v Bangladesh,Nairobi (Gym),12-Aug-06,0
Bangladesh,won,2 wickets,24,ODI : Kenya v Bangladesh,Nairobi (Gym),13-Aug-06,0
Bangladesh,won,6 wickets,138,ODI : Kenya v Bangladesh,Nairobi (Gym),15-Aug-06,0
Sri Lanka,won,37 runs,,ODI : Bangladesh v Sri Lanka,Mohali,7-Oct-06,0
West Indies,won,10 wickets,80,ODI : Bangladesh v West Indies,Jaipur,11-Oct-06,0
Bangladesh,won,101 runs,,ODI : Bangladesh v Zimbabwe,Jaipur,13-Oct-06,0
Bangladesh,won,43 runs,,T20I : Bangladesh v Zimbabwe,Khulna,28-Nov-06,0
Bangladesh,won,9 wickets,27,ODI : Bangladesh v Zimbabwe,Khulna,30-Nov-06,0
Bangladesh,won,6 wickets,44,ODI : Bangladesh v Zimbabwe,Bogra,3-Dec-06,0
Bangladesh,won,26 runs,,ODI : Bangladesh v Zimbabwe,Bogra,5-Dec-06,0
Bangladesh,won,8 wickets,106,ODI : Bangladesh v Zimbabwe,Mirpur,8-Dec-06,0
Bangladesh,won,3 wickets,6,ODI : Bangladesh v Zimbabwe,Mirpur,9-Dec-06,0
Bangladesh,won,6 wickets,125,ODI : Bangladesh v Scotland,Chattogram,15-Dec-06,0
Bangladesh,won,146 runs,,ODI : Bangladesh v Scotland,Mirpur,17-Dec-06,0
Bangladesh,won,45 runs,,ODI : Zimbabwe v Bangladesh,Harare,4-Feb-07,0
Zimbabwe,won,8 wickets,88,ODI : Zimbabwe v Bangladesh,Harare,6-Feb-07,0
Bangladesh,won,14 runs,,ODI : Zimbabwe v Bangladesh,Harare,9-Feb-07,0
Bangladesh,won,1 wickets,16,ODI : Zimbabwe v Bangladesh,Harare,10-Feb-07,0
Bangladesh,won,8 wickets,75,ODI : Bangladesh v Bermuda,St John's,25-Feb-07,0
Bangladesh,won,13 runs,,ODI : Bangladesh v Canada,St John's,28-Feb-07,0
Bangladesh,won,5 wickets,9,ODI : Bangladesh v India,Port of Spain,17-Mar-07,0
Sri Lanka,won,198 runs,,ODI : Bangladesh v Sri Lanka,Port of Spain,21-Mar-07,0
Bangladesh,won,7 wickets,21,ODI : Bangladesh v Bermuda,Port of Spain,25-Mar-07,0
Australia,won,10 wickets,49,ODI : Australia v Bangladesh,North Sound,31-Mar-07,0
New Zealand,won,9 wickets,124,ODI : Bangladesh v New Zealand,North Sound,2-Apr-07,0
Bangladesh,won,67 runs,,ODI : Bangladesh v South Africa,Providence,7-Apr-07,0
England,won,4 wickets,31,ODI : Bangladesh v England,Bridgetown,11-Apr-07,0
Ireland,won,74 runs,,ODI : Bangladesh v Ireland,Bridgetown,15-Apr-07,0
West Indies,won,99 runs,,ODI : West Indies v Bangladesh,Bridgetown,19-Apr-07,0
India,won,5 wickets,6,ODI : Bangladesh v India,Mirpur,10-May-07,0
India,won,46 runs,,ODI : Bangladesh v India,Mirpur,12-May-07,0
India,won,inns & 239 runs,,Test : Bangladesh v India,Mirpur,25-May-07,0
Sri Lanka,won,inns & 234 runs,,Test : Sri Lanka v Bangladesh,Colombo (SSC),25-Jun-07,0
Sri Lanka,won,inns & 90 runs,,Test : Sri Lanka v Bangladesh,Colombo (PSS),3-Jul-07,0
Sri Lanka,won,inns & 193 runs,,Test : Sri Lanka v Bangladesh,Kandy,11-Jul-07,0
Sri Lanka,won,70 runs,,ODI : Sri Lanka v Bangladesh,Colombo (PSS),20-Jul-07,0
Sri Lanka,won,5 wickets,113,ODI : Sri Lanka v Bangladesh,Colombo (RPS),23-Jul-07,0
Sri Lanka,won,39 runs,,ODI : Sri Lanka v Bangladesh,Colombo (RPS),25-Jul-07,0
Bangladesh,won,5 wickets,14,T20I : Kenya v Bangladesh,Nairobi (Gym),1-Sep-07,0
Pakistan,won,30 runs,,T20I : Bangladesh v Pakistan,Nairobi (Gym),2-Sep-07,0
Bangladesh,won,6 wickets,12,T20I : Bangladesh v West Indies,Johannesburg,13-Sep-07,0
South Africa,won,7 wickets,7,T20I : South Africa v Bangladesh,Cape Town,15-Sep-07,0
Australia,won,9 wickets,37,T20I : Australia v Bangladesh,Cape Town,16-Sep-07,0
Sri Lanka,won,64 runs,,T20I : Bangladesh v Sri Lanka,Johannesburg,18-Sep-07,0
Pakistan,won,4 wickets,6,T20I : Bangladesh v Pakistan,Cape Town,20-Sep-07,0
New Zealand,won,6 wickets,44,ODI : New Zealand v Bangladesh,Auckland,26-Dec-07,0
New Zealand,won,102 runs,,ODI : New Zealand v Bangladesh,Napier,28-Dec-07,0
New Zealand,won,10 wickets,264,ODI : New Zealand v Bangladesh,Queenstown,31-Dec-07,0
New Zealand,won,9 wickets,,Test : New Zealand v Bangladesh,Dunedin,4-Jan-08,0
New Zealand,won,inns & 137 runs,,Test : New Zealand v Bangladesh,Wellington,12-Jan-08,0
South Africa,won,5 wickets,,Test : Bangladesh v South Africa,Mirpur,22-Feb-08,0
South Africa,won,inns & 205 runs,,Test : Bangladesh v South Africa,Chattogram,29-Feb-08,0
South Africa,won,9 wickets,79,ODI : Bangladesh v South Africa,Chattogram,9-Mar-08,0
South Africa,won,7 wickets,11,ODI : Bangladesh v South Africa,Mirpur,12-Mar-08,0
South Africa,won,7 wickets,94,ODI : Bangladesh v South Africa,Mirpur,14-Mar-08,0
Bangladesh,won,8 wickets,61,ODI : Bangladesh v Ireland,Mirpur,18-Mar-08,0
Bangladesh,won,84 runs,,ODI : Bangladesh v Ireland,Mirpur,20-Mar-08,0
Bangladesh,won,79 runs,,ODI : Bangladesh v Ireland,Mirpur,22-Mar-08,0
Pakistan,won,152 runs,,ODI : Pakistan v Bangladesh,Lahore,8-Apr-08,0
Pakistan,won,7 wickets,10,ODI : Pakistan v Bangladesh,Faisalabad,11-Apr-08,0
Pakistan,won,23 runs,,ODI : Pakistan v Bangladesh,Lahore,13-Apr-08,0
Pakistan,won,7 wickets,33,ODI : Pakistan v Bangladesh,Multan,16-Apr-08,0
Pakistan,won,150 runs,,ODI : Pakistan v Bangladesh,Karachi,19-Apr-08,0
Pakistan,won,102 runs,,T20I : Pakistan v Bangladesh,Karachi,20-Apr-08,0
Pakistan,won,70 runs,,ODI : Bangladesh v Pakistan,Mirpur,8-Jun-08,0
India,won,7 wickets,89,ODI : Bangladesh v India,Mirpur,12-Jun-08,0
Bangladesh,won,96 runs,,ODI : Bangladesh v U.A.E.,Lahore,24-Jun-08,0
Sri Lanka,won,131 runs,,ODI : Bangladesh v Sri Lanka,Lahore,25-Jun-08,0
India,won,7 wickets,40,ODI : Bangladesh v India,Karachi,28-Jun-08,0
Sri Lanka,won,158 runs,,ODI : Bangladesh v Sri Lanka,Karachi,30-Jun-08,0
Pakistan,won,10 wickets,182,ODI : Pakistan v Bangladesh,Karachi,4-Jul-08,0
Australia,won,180 runs,,ODI : Australia v Bangladesh,Darwin,30-Aug-08,0
Australia,won,8 wickets,164,ODI : Australia v Bangladesh,Darwin,3-Sep-08,0
Australia,won,73 runs,,ODI : Australia v Bangladesh,Darwin,6-Sep-08,0
Bangladesh,won,7 wickets,27,ODI : Bangladesh v New Zealand,Mirpur,9-Oct-08,0
New Zealand,won,75 runs,,ODI : Bangladesh v New Zealand,Mirpur,11-Oct-08,0
New Zealand,won,79 runs,,ODI : Bangladesh v New Zealand,Chattogram,14-Oct-08,0
New Zealand,won,3 wickets,,Test : Bangladesh v New Zealand,Chattogram,17-Oct-08,0
South Africa,won,12 runs,,T20I : South Africa v Bangladesh,Johannesburg,5-Nov-08,0
South Africa,won,61 runs,,ODI : South Africa v Bangladesh,Potchefstroom,7-Nov-08,0
South Africa,won,128 runs,,ODI : South Africa v Bangladesh,Benoni,9-Nov-08,0
South Africa,won,inns & 129 runs,,Test : South Africa v Bangladesh,Bloemfontein,19-Nov-08,0
South Africa,won,inns & 48 runs,,Test : South Africa v Bangladesh,Centurion,26-Nov-08,0
Sri Lanka,won,107 runs,,Test : Bangladesh v Sri Lanka,Mirpur,26-Dec-08,0
Sri Lanka,won,465 runs,,Test : Bangladesh v Sri Lanka,Chattogram,3-Jan-09,0
Zimbabwe,won,38 runs,,ODI : Bangladesh v Zimbabwe,Mirpur,10-Jan-09,0
Bangladesh,won,5 wickets,43,ODI : Bangladesh v Sri Lanka,Mirpur,14-Jan-09,0
Sri Lanka,won,2 wickets,11,ODI : Bangladesh v Sri Lanka,Mirpur,16-Jan-09,0
Zimbabwe,won,2 wickets,4,ODI : Bangladesh v Zimbabwe,Mirpur,19-Jan-09,0
Bangladesh,won,6 wickets,31,ODI : Bangladesh v Zimbabwe,Mirpur,21-Jan-09,0
Bangladesh,won,6 wickets,27,ODI : Bangladesh v Zimbabwe,Mirpur,23-Jan-09,0
India,won,25 runs,,T20I : Bangladesh v India,Nottingham,6-Jun-09,0
Ireland,won,6 wickets,10,T20I : Bangladesh v Ireland,Nottingham,8-Jun-09,0
Bangladesh,won,95 runs,,Test : West Indies v Bangladesh,Kingstown,9-Jul-09,0
Bangladesh,won,4 wickets,,Test : West Indies v Bangladesh,St George's,17-Jul-09,0
Bangladesh,won,52 runs,,ODI : West Indies v Bangladesh,Roseau,26-Jul-09,0
Bangladesh,won,3 wickets,6,ODI : West Indies v Bangladesh,Roseau,28-Jul-09,0
Bangladesh,won,3 wickets,7,ODI : West Indies v Bangladesh,Basseterre,31-Jul-09,0
West Indies,won,5 wickets,19,T20I : West Indies v Bangladesh,Basseterre,2-Aug-09,0
Bangladesh,won,8 wickets,93,ODI : Zimbabwe v Bangladesh,Bulawayo,9-Aug-09,0
Bangladesh,won,49 runs,,ODI : Zimbabwe v Bangladesh,Bulawayo,11-Aug-09,0
Zimbabwe,won,69 runs,,ODI : Zimbabwe v Bangladesh,Bulawayo,14-Aug-09,0
Bangladesh,won,4 wickets,13,ODI : Zimbabwe v Bangladesh,Bulawayo,16-Aug-09,0
Bangladesh,won,5 wickets,13,ODI : Zimbabwe v Bangladesh,Bulawayo,18-Aug-09,0
Zimbabwe,won,5 wickets,92,ODI : Bangladesh v Zimbabwe,Mirpur,27-Oct-09,0
Bangladesh,won,7 wickets,123,ODI : Bangladesh v Zimbabwe,Mirpur,29-Oct-09,0
Bangladesh,won,4 wickets,56,ODI : Bangladesh v Zimbabwe,Mirpur,31-Oct-09,0
Bangladesh,won,6 wickets,229,ODI : Bangladesh v Zimbabwe,Chattogram,3-Nov-09,0
Bangladesh,won,1 wickets,6,ODI : Bangladesh v Zimbabwe,Chattogram,5-Nov-09,0
Sri Lanka,won,7 wickets,31,ODI : Bangladesh v Sri Lanka,Mirpur,4-Jan-10,0
India,won,6 wickets,15,ODI : Bangladesh v India,Mirpur,7-Jan-10,0
Sri Lanka,won,9 wickets,43,ODI : Bangladesh v Sri Lanka,Mirpur,8-Jan-10,0
India,won,6 wickets,42,ODI : Bangladesh v India,Mirpur,11-Jan-10,0
India,won,113 runs,,Test : Bangladesh v India,Chattogram,17-Jan-10,0
India,won,10 wickets,,Test : Bangladesh v India,Mirpur,24-Jan-10,0
New Zealand,won,10 wickets,70,T20I : New Zealand v Bangladesh,Hamilton,3-Feb-10,0
New Zealand,won,146 runs,,ODI : New Zealand v Bangladesh,Napier,5-Feb-10,0
New Zealand,won,5 wickets,135,ODI : New Zealand v Bangladesh,Dunedin,8-Feb-10,0
New Zealand,won,3 wickets,31,ODI : New Zealand v Bangladesh,Christchurch,11-Feb-10,0
New Zealand,won,121 runs,,Test : New Zealand v Bangladesh,Hamilton,15-Feb-10,0
England,won,6 wickets,24,ODI : Bangladesh v England,Mirpur,28-Feb-10,0
England,won,2 wickets,7,ODI : Bangladesh v England,Mirpur,2-Mar-10,0
England,won,45 runs,,ODI : Bangladesh v England,Chattogram,5-Mar-10,0
England,won,181 runs,,Test : Bangladesh v England,Chattogram,12-Mar-10,0
England,won,9 wickets,,Test : Bangladesh v England,Mirpur,20-Mar-10,0
Pakistan,won,21 runs,,T20I : Bangladesh v Pakistan,Gros Islet,1-May-10,0
Australia,won,27 runs,,T20I : Australia v Bangladesh,Bridgetown,5-May-10,0
England,won,8 wickets,,Test : England v Bangladesh,Lord's,27-May-10,0
England,won,inns & 80 runs,,Test : England v Bangladesh,Manchester,4-Jun-10,0
India,won,6 wickets,116,ODI : Bangladesh v India,Dambulla,16-Jun-10,0
Sri Lanka,won,126 runs,,ODI : Sri Lanka v Bangladesh,Dambulla,18-Jun-10,0
Pakistan,won,139 runs,,ODI : Bangladesh v Pakistan,Dambulla,21-Jun-10,0
England,won,6 wickets,29,ODI : England v Bangladesh,Nottingham,8-Jul-10,0
Bangladesh,won,5 runs,,ODI : England v Bangladesh,Bristol,10-Jul-10,0
England,won,144 runs,,ODI : England v Bangladesh,Birmingham,12-Jul-10,0
Ireland,won,7 wickets,30,ODI : Ireland v Bangladesh,Belfast,15-Jul-10,0
Bangladesh,won,6 wickets,50,ODI : Ireland v Bangladesh,Belfast,16-Jul-10,0
Netherlands,won,6 wickets,7,ODI : Bangladesh v Netherlands,Glasgow,20-Jul-10,0
Bangladesh,won,9 runs,,ODI : Bangladesh v New Zealand,Mirpur,5-Oct-10,0
Bangladesh,won,7 wickets,60,ODI : Bangladesh v New Zealand,Mirpur,11-Oct-10,0
Bangladesh,won,9 runs,,ODI : Bangladesh v New Zealand,Mirpur,14-Oct-10,0
Bangladesh,won,3 runs,,ODI : Bangladesh v New Zealand,Mirpur,17-Oct-10,0
Zimbabwe,won,9 runs,,ODI : Bangladesh v Zimbabwe,Mirpur,1-Dec-10,0
Bangladesh,won,6 wickets,62,ODI : Bangladesh v Zimbabwe,Mirpur,3-Dec-10,0
Bangladesh,won,65 runs,,ODI : Bangladesh v Zimbabwe,Mirpur,6-Dec-10,0
Bangladesh,won,6 wickets,42,ODI : Bangladesh v Zimbabwe,Chattogram,12-Dec-10,0
India,won,87 runs,,ODI : Bangladesh v India,Mirpur,19-Feb-11,0
Bangladesh,won,27 runs,,ODI : Bangladesh v Ireland,Mirpur,25-Feb-11,0
West Indies,won,9 wickets,226,ODI : Bangladesh v West Indies,Mirpur,4-Mar-11,0
Bangladesh,won,2 wickets,6,ODI : Bangladesh v England,Chattogram,11-Mar-11,0
Bangladesh,won,6 wickets,52,ODI : Bangladesh v Netherlands,Chattogram,14-Mar-11,0
South Africa,won,206 runs,,ODI : Bangladesh v South Africa,Mirpur,19-Mar-11,0
Australia,won,60 runs,,ODI : Bangladesh v Australia,Mirpur,9-Apr-11,0
Australia,won,9 wickets,144,ODI : Bangladesh v Australia,Mirpur,11-Apr-11,0
Australia,won,66 runs,,ODI : Bangladesh v Australia,Mirpur,13-Apr-11,0
Zimbabwe,won,130 runs,,Test : Zimbabwe v Bangladesh,Harare,4-Aug-11,0
Zimbabwe,won,4 wickets,52,ODI : Zimbabwe v Bangladesh,Harare,12-Aug-11,0
Zimbabwe,won,7 wickets,35,ODI : Zimbabwe v Bangladesh,Harare,14-Aug-11,0
Zimbabwe,won,5 runs,,ODI : Zimbabwe v Bangladesh,Harare,16-Aug-11,0
Bangladesh,won,6 wickets,80,ODI : Zimbabwe v Bangladesh,Bulawayo,19-Aug-11,0
Bangladesh,won,93 runs,,ODI : Zimbabwe v Bangladesh,Bulawayo,21-Aug-11,0
Bangladesh,won,3 wickets,1,T20I : Bangladesh v West Indies,Mirpur,11-Oct-11,0
West Indies,won,40 runs,,ODI : Bangladesh v West Indies,Mirpur,13-Oct-11,0
West Indies,won,8 wickets,44,ODI : Bangladesh v West Indies,Mirpur,15-Oct-11,0
Bangladesh,won,8 wickets,180,ODI : Bangladesh v West Indies,Chattogram,18-Oct-11,0
West Indies,won,229 runs,,Test : Bangladesh v West Indies,Mirpur,29-Oct-11,0
Pakistan,won,50 runs,,T20I : Bangladesh v Pakistan,Mirpur,29-Nov-11,0
Pakistan,won,5 wickets,146,ODI : Bangladesh v Pakistan,Mirpur,1-Dec-11,0
Pakistan,won,76 runs,,ODI : Bangladesh v Pakistan,Mirpur,3-Dec-11,0
Pakistan,won,58 runs,,ODI : Bangladesh v Pakistan,Chattogram,6-Dec-11,0
Pakistan,won,inns & 184 runs,,Test : Bangladesh v Pakistan,Chattogram,9-Dec-11,0
Pakistan,won,7 wickets,,Test : Bangladesh v Pakistan,Mirpur,17-Dec-11,0
Pakistan,won,21 runs,,ODI : Bangladesh v Pakistan,Mirpur,11-Mar-12,0
Bangladesh,won,5 wickets,4,ODI : Bangladesh v India,Mirpur,16-Mar-12,0
Bangladesh,won,5 wickets,17,ODI : Bangladesh v Sri Lanka,Mirpur,20-Mar-12,0
Pakistan,won,2 runs,,ODI : Bangladesh v Pakistan,Mirpur,22-Mar-12,0
Bangladesh,won,71 runs,,T20I : Ireland v Bangladesh,Belfast,18-Jul-12,0
Bangladesh,won,1 runs,,T20I : Ireland v Bangladesh,Belfast,20-Jul-12,0
Bangladesh,won,2 wickets,0,T20I : Ireland v Bangladesh,Belfast,21-Jul-12,0
Scotland,won,34 runs,,T20I : Bangladesh v Scotland,The Hague,24-Jul-12,0
Bangladesh,won,8 wickets,12,T20I : Netherlands v Bangladesh,The Hague,25-Jul-12,0
Netherlands,won,1 wickets,0,T20I : Netherlands v Bangladesh,The Hague,26-Jul-12,0
New Zealand,won,59 runs,,T20I : Bangladesh v New Zealand,Pallekele,21-Sep-12,0
Pakistan,won,8 wickets,8,T20I : Bangladesh v Pakistan,Pallekele,25-Sep-12,0
West Indies,won,77 runs,,Test : Bangladesh v West Indies,Mirpur,13-Nov-12,0
West Indies,won,10 wickets,,Test : Bangladesh v West Indies,Khulna,21-Nov-12,0
Bangladesh,won,7 wickets,58,ODI : Bangladesh v West Indies,Khulna,30-Nov-12,0
Bangladesh,won,160 runs,,ODI : Bangladesh v West Indies,Khulna,2-Dec-12,0
West Indies,won,4 wickets,18,ODI : Bangladesh v West Indies,Mirpur,5-Dec-12,0
West Indies,won,75 runs,,ODI : Bangladesh v West Indies,Mirpur,7-Dec-12,0
Bangladesh,won,2 wickets,36,ODI : Bangladesh v West Indies,Mirpur,8-Dec-12,0
West Indies,won,18 runs,,T20I : Bangladesh v West Indies,Mirpur,10-Dec-12,0
Sri Lanka,won,7 wickets,,Test : Sri Lanka v Bangladesh,Colombo (RPS),16-Mar-13,0
Sri Lanka,won,8 wickets,32,ODI : Sri Lanka v Bangladesh,Hambantota,23-Mar-13,0
Bangladesh,won,3 wickets,6,ODI : Sri Lanka v Bangladesh,Pallekele,28-Mar-13,0
Sri Lanka,won,17 runs,,T20I : Sri Lanka v Bangladesh,Pallekele,31-Mar-13,0
Zimbabwe,won,335 runs,,Test : Zimbabwe v Bangladesh,Harare,17-Apr-13,0
Bangladesh,won,143 runs,,Test : Zimbabwe v Bangladesh,Harare,25-Apr-13,0
Bangladesh,won,121 runs,,ODI : Zimbabwe v Bangladesh,Bulawayo,3-May-13,0
Zimbabwe,won,6 wickets,13,ODI : Zimbabwe v Bangladesh,Bulawayo,5-May-13,0
Zimbabwe,won,7 wickets,17,ODI : Zimbabwe v Bangladesh,Bulawayo,8-May-13,0
Zimbabwe,won,6 runs,,T20I : Zimbabwe v Bangladesh,Bulawayo,11-May-13,0
Bangladesh,won,34 runs,,T20I : Zimbabwe v Bangladesh,Bulawayo,12-May-13,0
Bangladesh,won,43 runs,,ODI : Bangladesh v New Zealand,Mirpur,29-Oct-13,0
Bangladesh,won,40 runs,,ODI : Bangladesh v New Zealand,Mirpur,31-Oct-13,0
Bangladesh,won,4 wickets,4,ODI : Bangladesh v New Zealand,Fatullah,3-Nov-13,0
New Zealand,won,15 runs,,T20I : Bangladesh v New Zealand,Mirpur,6-Nov-13,0
Sri Lanka,won,inns & 248 runs,,Test : Bangladesh v Sri Lanka,Mirpur,27-Jan-14,0
Sri Lanka,won,2 runs,,T20I : Bangladesh v Sri Lanka,Chattogram,12-Feb-14,0
Sri Lanka,won,3 wickets,0,T20I : Bangladesh v Sri Lanka,Chattogram,14-Feb-14,0
Sri Lanka,won,13 runs,,ODI : Bangladesh v Sri Lanka,Mirpur,17-Feb-14,0
Sri Lanka,won,61 runs,,ODI : Bangladesh v Sri Lanka,Mirpur,20-Feb-14,0
Sri Lanka,won,6 wickets,15,ODI : Bangladesh v Sri Lanka,Mirpur,22-Feb-14,0
India,won,6 wickets,6,ODI : Bangladesh v India,Fatullah,26-Feb-14,0
Afghanistan,won,32 runs,,ODI : Bangladesh v Afghanistan,Fatullah,1-Mar-14,0
Pakistan,won,3 wickets,1,ODI : Bangladesh v Pakistan,Mirpur,4-Mar-14,0
Sri Lanka,won,3 wickets,6,ODI : Bangladesh v Sri Lanka,Mirpur,6-Mar-14,0
Bangladesh,won,9 wickets,48,T20I : Bangladesh v Afghanistan,Mirpur,16-Mar-14,0
Bangladesh,won,8 wickets,27,T20I : Bangladesh v Nepal,Chattogram,18-Mar-14,0
Hong Kong,won,2 wickets,2,T20I : Bangladesh v Hong Kong,Chattogram,20-Mar-14,0
West Indies,won,73 runs,,T20I : Bangladesh v West Indies,Mirpur,25-Mar-14,0
India,won,8 wickets,9,T20I : Bangladesh v India,Mirpur,28-Mar-14,0
Pakistan,won,50 runs,,T20I : Bangladesh v Pakistan,Mirpur,30-Mar-14,0
Australia,won,7 wickets,15,T20I : Bangladesh v Australia,Mirpur,1-Apr-14,0
India,won,7 wickets,7,ODI : Bangladesh v India,Mirpur,15-Jun-14,0
India,won,47 runs,,ODI : Bangladesh v India,Mirpur,17-Jun-14,0
West Indies,won,3 wickets,62,ODI : West Indies v Bangladesh,St George's,20-Aug-14,0
West Indies,won,177 runs,,ODI : West Indies v Bangladesh,St George's,22-Aug-14,0
West Indies,won,91 runs,,ODI : West Indies v Bangladesh,Basseterre,25-Aug-14,0
West Indies,won,10 wickets,,Test : West Indies v Bangladesh,Kingstown,5-Sep-14,0
West Indies,won,296 runs,,Test : West Indies v Bangladesh,Gros Islet,13-Sep-14,0
Bangladesh,won,3 wickets,,Test : Bangladesh v Zimbabwe,Mirpur,25-Oct-14,0
Bangladesh,won,162 runs,,Test : Bangladesh v Zimbabwe,Khulna,3-Nov-14,0
Bangladesh,won,186 runs,,Test : Bangladesh v Zimbabwe,Chattogram,12-Nov-14,0
Bangladesh,won,87 runs,,ODI : Bangladesh v Zimbabwe,Chattogram,21-Nov-14,0
Bangladesh,won,68 runs,,ODI : Bangladesh v Zimbabwe,Chattogram,23-Nov-14,0
Bangladesh,won,124 runs,,ODI : Bangladesh v Zimbabwe,Mirpur,26-Nov-14,0
Bangladesh,won,21 runs,,ODI : Bangladesh v Zimbabwe,Mirpur,28-Nov-14,0
Bangladesh,won,5 wickets,153,ODI : Bangladesh v Zimbabwe,Mirpur,1-Dec-14,0
Bangladesh,won,105 runs,,ODI : Afghanistan v Bangladesh,Canberra,18-Feb-15,0
Sri Lanka,won,92 runs,,ODI : Bangladesh v Sri Lanka,Melbourne,26-Feb-15,0
Bangladesh,won,6 wickets,11,ODI : Bangladesh v Scotland,Nelson,5-Mar-15,0
Bangladesh,won,15 runs,,ODI : Bangladesh v England,Adelaide,9-Mar-15,0
New Zealand,won,3 wickets,7,ODI : New Zealand v Bangladesh,Hamilton,13-Mar-15,0
India,won,109 runs,,ODI : Bangladesh v India,Melbourne,19-Mar-15,0
Bangladesh,won,79 runs,,ODI : Bangladesh v Pakistan,Mirpur,17-Apr-15,0
Bangladesh,won,7 wickets,71,ODI : Bangladesh v Pakistan,Mirpur,19-Apr-15,0
Bangladesh,won,8 wickets,63,ODI : Bangladesh v Pakistan,Mirpur,22-Apr-15,0
Bangladesh,won,7 wickets,22,T20I : Bangladesh v Pakistan,Mirpur,24-Apr-15,0
Pakistan,won,328 runs,,Test : Bangladesh v Pakistan,Mirpur,6-May-15,0
Bangladesh,won,79 runs,,ODI : Bangladesh v India,Mirpur,18-Jun-15,0
Bangladesh,won,6 wickets,54,ODI : Bangladesh v India,Mirpur,21-Jun-15,0
India,won,77 runs,,ODI : Bangladesh v India,Mirpur,24-Jun-15,0
South Africa,won,52 runs,,T20I : Bangladesh v South Africa,Mirpur,5-Jul-15,0
South Africa,won,31 runs,,T20I : Bangladesh v South Africa,Mirpur,7-Jul-15,0
South Africa,won,8 wickets,53,ODI : Bangladesh v South Africa,Mirpur,10-Jul-15,0
Bangladesh,won,7 wickets,134,ODI : Bangladesh v South Africa,Mirpur,12-Jul-15,0
Bangladesh,won,9 wickets,83,ODI : Bangladesh v South Africa,Chattogram,15-Jul-15,0
Bangladesh,won,145 runs,,ODI : Bangladesh v Zimbabwe,Mirpur,7-Nov-15,0
Bangladesh,won,58 runs,,ODI : Bangladesh v Zimbabwe,Mirpur,9-Nov-15,0
Bangladesh,won,61 runs,,ODI : Bangladesh v Zimbabwe,Mirpur,11-Nov-15,0
Bangladesh,won,4 wickets,14,T20I : Bangladesh v Zimbabwe,Mirpur,13-Nov-15,0
Zimbabwe,won,3 wickets,1,T20I : Bangladesh v Zimbabwe,Mirpur,15-Nov-15,0
Bangladesh,won,4 wickets,8,T20I : Bangladesh v Zimbabwe,Khulna,15-Jan-16,0
Bangladesh,won,42 runs,,T20I : Bangladesh v Zimbabwe,Khulna,17-Jan-16,0
Zimbabwe,won,31 runs,,T20I : Bangladesh v Zimbabwe,Khulna,20-Jan-16,0
Zimbabwe,won,18 runs,,T20I : Bangladesh v Zimbabwe,Khulna,22-Jan-16,0
India,won,45 runs,,T20I : Bangladesh v India,Mirpur,24-Feb-16,0
Bangladesh,won,51 runs,,T20I : Bangladesh v U.A.E.,Mirpur,26-Feb-16,0
Bangladesh,won,23 runs,,T20I : Bangladesh v Sri Lanka,Mirpur,28-Feb-16,0
Bangladesh,won,5 wickets,5,T20I : Bangladesh v Pakistan,Mirpur,2-Mar-16,0
India,won,8 wickets,7,T20I : Bangladesh v India,Mirpur,6-Mar-16,0
Bangladesh,won,8 runs,,T20I : Bangladesh v Netherlands,Dharamsala,9-Mar-16,0
Bangladesh,won,54 runs,,T20I : Bangladesh v Oman,Dharamsala,13-Mar-16,0
Pakistan,won,55 runs,,T20I : Bangladesh v Pakistan,Kolkata,16-Mar-16,0
Australia,won,3 wickets,9,T20I : Australia v Bangladesh,Bengaluru,21-Mar-16,0
India,won,1 runs,,T20I : India v Bangladesh,Bengaluru,23-Mar-16,0
New Zealand,won,75 runs,,T20I : Bangladesh v New Zealand,Kolkata,26-Mar-16,0
Bangladesh,won,7 runs,,ODI : Bangladesh v Afghanistan,Mirpur,25-Sep-16,0
Afghanistan,won,2 wickets,2,ODI : Bangladesh v Afghanistan,Mirpur,28-Sep-16,0
Bangladesh,won,141 runs,,ODI : Bangladesh v Afghanistan,Mirpur,1-Oct-16,0
England,won,21 runs,,ODI : Bangladesh v England,Mirpur,7-Oct-16,0
Bangladesh,won,34 runs,,ODI : Bangladesh v England,Mirpur,9-Oct-16,0
England,won,4 wickets,13,ODI : Bangladesh v England,Chattogram,12-Oct-16,0
England,won,22 runs,,Test : Bangladesh v England,Chattogram,20-Oct-16,0
Bangladesh,won,108 runs,,Test : Bangladesh v England,Mirpur,28-Oct-16,0
New Zealand,won,77 runs,,ODI : New Zealand v Bangladesh,Christchurch,26-Dec-16,0
New Zealand,won,67 runs,,ODI : New Zealand v Bangladesh,Nelson,29-Dec-16,0
New Zealand,won,8 wickets,52,ODI : New Zealand v Bangladesh,Nelson,31-Dec-16,0
New Zealand,won,6 wickets,12,T20I : New Zealand v Bangladesh,Napier,3-Jan-17,0
New Zealand,won,47 runs,,T20I : New Zealand v Bangladesh,Mount Maunganui,6-Jan-17,0
New Zealand,won,27 runs,,T20I : New Zealand v Bangladesh,Mount Maunganui,8-Jan-17,0
New Zealand,won,7 wickets,,Test : New Zealand v Bangladesh,Wellington,12-Jan-17,0
New Zealand,won,9 wickets,,Test : New Zealand v Bangladesh,Christchurch,20-Jan-17,0
India,won,208 runs,,Test : India v Bangladesh,Hyderabad (Deccan),9-Feb-17,0
Sri Lanka,won,259 runs,,Test : Sri Lanka v Bangladesh,Galle,7-Mar-17,0
Bangladesh,won,4 wickets,,Test : Sri Lanka v Bangladesh,Colombo (PSS),15-Mar-17,0
Bangladesh,won,90 runs,,ODI : Sri Lanka v Bangladesh,Dambulla,25-Mar-17,0
Sri Lanka,won,70 runs,,ODI : Sri Lanka v Bangladesh,Colombo (SSC),1-Apr-17,0
Sri Lanka,won,6 wickets,7,T20I : Sri Lanka v Bangladesh,Colombo (RPS),4-Apr-17,0
Bangladesh,won,45 runs,,T20I : Sri Lanka v Bangladesh,Colombo (RPS),6-Apr-17,0
New Zealand,won,4 wickets,15,ODI : Bangladesh v New Zealand,Dublin,17-May-17,0
Bangladesh,won,8 wickets,137,ODI : Ireland v Bangladesh,Dublin (Malahide),19-May-17,0
Bangladesh,won,5 wickets,10,ODI : Bangladesh v New Zealand,Dublin,24-May-17,0
England,won,8 wickets,16,ODI : England v Bangladesh,The Oval,1-Jun-17,0
Bangladesh,won,5 wickets,16,ODI : Bangladesh v New Zealand,Cardiff,9-Jun-17,0
India,won,9 wickets,59,ODI : Bangladesh v India,Birmingham,15-Jun-17,0
Bangladesh,won,20 runs,,Test : Bangladesh v Australia,Mirpur,27-Aug-17,0
Australia,won,7 wickets,,Test : Bangladesh v Australia,Chattogram,4-Sep-17,0
South Africa,won,333 runs,,Test : South Africa v Bangladesh,Potchefstroom,28-Sep-17,0
South Africa,won,inns & 254 runs,,Test : South Africa v Bangladesh,Bloemfontein,6-Oct-17,0
South Africa,won,10 wickets,43,ODI : South Africa v Bangladesh,Kimberley,15-Oct-17,0
South Africa,won,104 runs,,ODI : South Africa v Bangladesh,Paarl,18-Oct-17,0
South Africa,won,200 runs,,ODI : South Africa v Bangladesh,East London,22-Oct-17,0
South Africa,won,20 runs,,T20I : South Africa v Bangladesh,Bloemfontein,26-Oct-17,0
South Africa,won,83 runs,,T20I : South Africa v Bangladesh,Potchefstroom,29-Oct-17,0
Bangladesh,won,8 wickets,129,ODI : Bangladesh v Zimbabwe,Mirpur,15-Jan-18,0
Bangladesh,won,163 runs,,ODI : Bangladesh v Sri Lanka,Mirpur,19-Jan-18,0
Bangladesh,won,91 runs,,ODI : Bangladesh v Zimbabwe,Mirpur,23-Jan-18,0
Sri Lanka,won,10 wickets,229,ODI : Bangladesh v Sri Lanka,Mirpur,25-Jan-18,0
Sri Lanka,won,79 runs,,ODI : Bangladesh v Sri Lanka,Mirpur,27-Jan-18,0
Sri Lanka,won,215 runs,,Test : Bangladesh v Sri Lanka,Mirpur,8-Feb-18,0
Sri Lanka,won,6 wickets,20,T20I : Bangladesh v Sri Lanka,Mirpur,15-Feb-18,0
Sri Lanka,won,75 runs,,T20I : Bangladesh v Sri Lanka,Sylhet,18-Feb-18,0
India,won,6 wickets,8,T20I : Bangladesh v India,Colombo (RPS),8-Mar-18,0
Bangladesh,won,5 wickets,2,T20I : Sri Lanka v Bangladesh,Colombo (RPS),10-Mar-18,0
India,won,17 runs,,T20I : Bangladesh v India,Colombo (RPS),14-Mar-18,0
Bangladesh,won,2 wickets,1,T20I : Sri Lanka v Bangladesh,Colombo (RPS),16-Mar-18,0
India,won,4 wickets,0,T20I : Bangladesh v India,Colombo (RPS),18-Mar-18,0
Afghanistan,won,45 runs,,T20I : Afghanistan v Bangladesh,Dehradun,3-Jun-18,0
Afghanistan,won,6 wickets,7,T20I : Afghanistan v Bangladesh,Dehradun,5-Jun-18,0
Afghanistan,won,1 runs,,T20I : Afghanistan v Bangladesh,Dehradun,7-Jun-18,0
West Indies,won,inns & 219 runs,,Test : West Indies v Bangladesh,North Sound,4-Jul-18,0
West Indies,won,166 runs,,Test : West Indies v Bangladesh,Kingston,12-Jul-18,0
Bangladesh,won,48 runs,,ODI : West Indies v Bangladesh,Providence,22-Jul-18,0
West Indies,won,3 runs,,ODI : West Indies v Bangladesh,Providence,25-Jul-18,0
Bangladesh,won,18 runs,,ODI : West Indies v Bangladesh,Basseterre,28-Jul-18,0
West Indies,won,7 wickets,11,T20I : West Indies v Bangladesh,Basseterre,31-Jul-18,0
Bangladesh,won,12 runs,,T20I : Bangladesh v West Indies,Lauderhill,4-Aug-18,0
Bangladesh,won,19 runs,,T20I : Bangladesh v West Indies,Lauderhill,5-Aug-18,0
Bangladesh,won,137 runs,,ODI : Bangladesh v Sri Lanka,Dubai (DSC),15-Sep-18,0
Afghanistan,won,136 runs,,ODI : Afghanistan v Bangladesh,Abu Dhabi,20-Sep-18,0
India,won,7 wickets,82,ODI : Bangladesh v India,Dubai (DSC),21-Sep-18,0
Bangladesh,won,3 runs,,ODI : Afghanistan v Bangladesh,Abu Dhabi,23-Sep-18,0
Bangladesh,won,37 runs,,ODI : Bangladesh v Pakistan,Abu Dhabi,26-Sep-18,0
India,won,3 wickets,0,ODI : Bangladesh v India,Dubai (DSC),28-Sep-18,0
Bangladesh,won,28 runs,,ODI : Bangladesh v Zimbabwe,Mirpur,21-Oct-18,0
Bangladesh,won,7 wickets,35,ODI : Bangladesh v Zimbabwe,Chattogram,24-Oct-18,0
Bangladesh,won,7 wickets,47,ODI : Bangladesh v Zimbabwe,Chattogram,26-Oct-18,0
Zimbabwe,won,151 runs,,Test : Bangladesh v Zimbabwe,Sylhet,3-Nov-18,0
Bangladesh,won,218 runs,,Test : Bangladesh v Zimbabwe,Mirpur,11-Nov-18,0
Bangladesh,won,64 runs,,Test : Bangladesh v West Indies,Chattogram,22-Nov-18,0
Bangladesh,won,inns & 184 runs,,Test : Bangladesh v West Indies,Mirpur,30-Nov-18,0
Bangladesh,won,5 wickets,89,ODI : Bangladesh v West Indies,Mirpur,9-Dec-18,0
West Indies,won,4 wickets,2,ODI : Bangladesh v West Indies,Mirpur,11-Dec-18,0
Bangladesh,won,8 wickets,69,ODI : Bangladesh v West Indies,Sylhet,14-Dec-18,0
West Indies,won,8 wickets,55,T20I : Bangladesh v West Indies,Sylhet,17-Dec-18,0
Bangladesh,won,36 runs,,T20I : Bangladesh v West Indies,Mirpur,20-Dec-18,0
West Indies,won,50 runs,,T20I : Bangladesh v West Indies,Mirpur,22-Dec-18,0
New Zealand,won,8 wickets,33,ODI : New Zealand v Bangladesh,Napier,13-Feb-19,0
New Zealand,won,8 wickets,83,ODI : New Zealand v Bangladesh,Christchurch,16-Feb-19,0
New Zealand,won,88 runs,,ODI : New Zealand v Bangladesh,Dunedin,20-Feb-19,0
New Zealand,won,inns & 52 runs,,Test : New Zealand v Bangladesh,Hamilton,28-Feb-19,0
New Zealand,won,inns & 12 runs,,Test : New Zealand v Bangladesh,Wellington,8-Mar-19,0
Bangladesh,won,8 wickets,30,ODI : Bangladesh v West Indies,Dublin,7-May-19,0
Bangladesh,won,5 wickets,16,ODI : Bangladesh v West Indies,Dublin (Malahide),13-May-19,0
Bangladesh,won,6 wickets,42,ODI : Ireland v Bangladesh,Dublin,15-May-19,0
Bangladesh,won,5 wickets,7,ODI : Bangladesh v West Indies,Dublin (Malahide),17-May-19,0
Bangladesh,won,21 runs,,ODI : Bangladesh v South Africa,The Oval,2-Jun-19,0
New Zealand,won,2 wickets,17,ODI : Bangladesh v New Zealand,The Oval,5-Jun-19,0
England,won,106 runs,,ODI : England v Bangladesh,Cardiff,8-Jun-19,0
Bangladesh,won,7 wickets,51,ODI : Bangladesh v West Indies,Taunton,17-Jun-19,0
Australia,won,48 runs,,ODI : Australia v Bangladesh,Nottingham,20-Jun-19,0
Bangladesh,won,62 runs,,ODI : Afghanistan v Bangladesh,Southampton,24-Jun-19,0
India,won,28 runs,,ODI : Bangladesh v India,Birmingham,2-Jul-19,0
Pakistan,won,94 runs,,ODI : Bangladesh v Pakistan,Lord's,5-Jul-19,0
Sri Lanka,won,91 runs,,ODI : Sri Lanka v Bangladesh,Colombo (RPS),26-Jul-19,0
Sri Lanka,won,7 wickets,32,ODI : Sri Lanka v Bangladesh,Colombo (RPS),28-Jul-19,0
Sri Lanka,won,122 runs,,ODI : Sri Lanka v Bangladesh,Colombo (RPS),31-Jul-19,0
Afghanistan,won,224 runs,,Test : Bangladesh v Afghanistan,Chattogram,5-Sep-19,0
Bangladesh,won,3 wickets,2,T20I : Bangladesh v Zimbabwe,Mirpur,13-Sep-19,0
Afghanistan,won,25 runs,,T20I : Bangladesh v Afghanistan,Mirpur,15-Sep-19,0
Bangladesh,won,39 runs,,T20I : Bangladesh v Zimbabwe,Chattogram,18-Sep-19,0
Bangladesh,won,4 wickets,6,T20I : Bangladesh v Afghanistan,Chattogram,21-Sep-19,0
Bangladesh,won,7 wickets,3,T20I : India v Bangladesh,Delhi,3-Nov-19,0
India,won,8 wickets,26,T20I : India v Bangladesh,Rajkot,7-Nov-19,0
India,won,30 runs,,T20I : India v Bangladesh,Nagpur,10-Nov-19,0
India,won,inns & 130 runs,,Test : India v Bangladesh,Indore,14-Nov-19,0
India,won,inns & 46 runs,,Test : India v Bangladesh,Kolkata,22-Nov-19,0
Pakistan,won,5 wickets,3,T20I : Pakistan v Bangladesh,Lahore,24-Jan-20,0
Pakistan,won,9 wickets,20,T20I : Pakistan v Bangladesh,Lahore,25-Jan-20,0
Pakistan,won,inns & 44 runs,,Test : Pakistan v Bangladesh,Rawalpindi,7-Feb-20,0
Bangladesh,won,inns & 106 runs,,Test : Bangladesh v Zimbabwe,Mirpur,22-Feb-20,0
Bangladesh,won,169 runs,,ODI : Bangladesh v Zimbabwe,Sylhet,1-Mar-20,0
Bangladesh,won,4 runs,,ODI : Bangladesh v Zimbabwe,Sylhet,3-Mar-20,1
Bangladesh,won,123 runs,,ODI : Bangladesh v Zimbabwe,Sylhet,6-Mar-20,1
Bangladesh,won,48 runs,,T20I : Bangladesh v Zimbabwe,Mirpur,9-Mar-20,1
Bangladesh,won,9 wickets,25,T20I : Bangladesh v Zimbabwe,Mirpur,11-Mar-20,1
Bangladesh,won,6 wickets,97,ODI : Bangladesh v West Indies,Mirpur,20-Jan-21,1
Bangladesh,won,7 wickets,100,ODI : Bangladesh v West Indies,Mirpur,22-Jan-21,1
Bangladesh,won,120 runs,,ODI : Bangladesh v West Indies,Chattogram,25-Jan-21,1
West Indies,won,3 wickets,,Test : Bangladesh v West Indies,Chattogram,3-Feb-21,1
West Indies,won,17 runs,,Test : Bangladesh v West Indies,Mirpur,11-Feb-21,1
New Zealand,won,8 wickets,172,ODI : New Zealand v Bangladesh,Dunedin,20-Mar-21,1
New Zealand,won,5 wickets,10,ODI : New Zealand v Bangladesh,Christchurch,23-Mar-21,1
New Zealand,won,164 runs,,ODI : New Zealand v Bangladesh,Wellington,26-Mar-21,1
New Zealand,won,66 runs,,T20I : New Zealand v Bangladesh,Hamilton,28-Mar-21,1
New Zealand,won,28 runs,,T20I : New Zealand v Bangladesh,Napier,30-Mar-21,1
New Zealand,won,65 runs,,T20I : New Zealand v Bangladesh,Auckland,1-Apr-21,1
Sri Lanka,won,209 runs,,Test : Sri Lanka v Bangladesh,Pallekele,29-Apr-21,1
Bangladesh,won,33 runs,,ODI : Bangladesh v Sri Lanka,Mirpur,23-May-21,1
Bangladesh,won,103 runs,,ODI : Bangladesh v Sri Lanka,Mirpur,25-May-21,1
Sri Lanka,won,97 runs,,ODI : Bangladesh v Sri Lanka,Mirpur,28-May-21,1
Bangladesh,won,220 runs,,Test : Zimbabwe v Bangladesh,Harare,7-Jul-21,1
Bangladesh,won,155 runs,,ODI : Zimbabwe v Bangladesh,Harare,16-Jul-21,1
Bangladesh,won,3 wickets,5,ODI : Zimbabwe v Bangladesh,Harare,18-Jul-21,1
Bangladesh,won,5 wickets,12,ODI : Zimbabwe v Bangladesh,Harare,20-Jul-21,1
Bangladesh,won,8 wickets,7,T20I : Zimbabwe v Bangladesh,Harare,22-Jul-21,1
Zimbabwe,won,23 runs,,T20I : Zimbabwe v Bangladesh,Harare,23-Jul-21,1
Bangladesh,won,5 wickets,4,T20I : Zimbabwe v Bangladesh,Harare,25-Jul-21,1
Bangladesh,won,23 runs,,T20I : Bangladesh v Australia,Mirpur,3-Aug-21,1
Bangladesh,won,5 wickets,8,T20I : Bangladesh v Australia,Mirpur,4-Aug-21,1
Bangladesh,won,10 runs,,T20I : Bangladesh v Australia,Mirpur,6-Aug-21,1
Australia,won,3 wickets,6,T20I : Bangladesh v Australia,Mirpur,7-Aug-21,1
Bangladesh,won,60 runs,,T20I : Bangladesh v Australia,Mirpur,9-Aug-21,1
Bangladesh,won,7 wickets,30,T20I : Bangladesh v New Zealand,Mirpur,1-Sep-21,1
Bangladesh,won,4 runs,,T20I : Bangladesh v New Zealand,Mirpur,3-Sep-21,1
New Zealand,won,52 runs,,T20I : Bangladesh v New Zealand,Mirpur,5-Sep-21,1
Bangladesh,won,6 wickets,5,T20I : Bangladesh v New Zealand,Mirpur,8-Sep-21,1
New Zealand,won,27 runs,,T20I : Bangladesh v New Zealand,Mirpur,10-Sep-21,1
Scotland,won,6 runs,,T20I : Bangladesh v Scotland,Al Amerat,17-Oct-21,1
Bangladesh,won,26 runs,,T20I : Oman v Bangladesh,Al Amerat,19-Oct-21,1
Bangladesh,won,84 runs,,T20I : Bangladesh v P.N.G.,Al Amerat,21-Oct-21,1
Sri Lanka,won,5 wickets,7,T20I : Bangladesh v Sri Lanka,Sharjah,24-Oct-21,1
England,won,8 wickets,35,T20I : Bangladesh v England,Abu Dhabi,27-Oct-21,1
West Indies,won,3 runs,,T20I : Bangladesh v West Indies,Sharjah,29-Oct-21,1
South Africa,won,6 wickets,39,T20I : Bangladesh v South Africa,Abu Dhabi,2-Nov-21,1
Australia,won,8 wickets,82,T20I : Australia v Bangladesh,Dubai (DSC),4-Nov-21,1
Pakistan,won,4 wickets,4,T20I : Bangladesh v Pakistan,Mirpur,19-Nov-21,1
Pakistan,won,8 wickets,11,T20I : Bangladesh v Pakistan,Mirpur,20-Nov-21,1
Pakistan,won,5 wickets,0,T20I : Bangladesh v Pakistan,Mirpur,22-Nov-21,1
Pakistan,won,8 wickets,,Test : Bangladesh v Pakistan,Chattogram,26-Nov-21,1
Pakistan,won,inns & 8 runs,,Test : Bangladesh v Pakistan,Mirpur,4-Dec-21,1
Bangladesh,won,8 wickets,,Test : New Zealand v Bangladesh,Mount Maunganui,1-Jan-22,1
New Zealand,won,inns & 117 runs,,Test : New Zealand v Bangladesh,Christchurch,9-Jan-22,1
Bangladesh,won,4 wickets,7,ODI : Bangladesh v Afghanistan,Chattogram,23-Feb-22,1
Bangladesh,won,88 runs,,ODI : Bangladesh v Afghanistan,Chattogram,25-Feb-22,1
Afghanistan,won,7 wickets,59,ODI : Bangladesh v Afghanistan,Chattogram,28-Feb-22,1
Bangladesh,won,61 runs,,T20I : Bangladesh v Afghanistan,Mirpur,3-Mar-22,1
